# LogicTest: local
#
# This file tests that we build scalar expressions correctly. We do this by
# putting expressions inside projections and checking that they roundtrip
# correctly.

statement ok
CREATE TABLE t (a INT, b INT, c INT, d INT, j JSONB, s STRING)

query TTTTT
EXPLAIN (VERBOSE) SELECT 1 + 2 AS r
----
·       distributed    false            ·    ·
·       vectorized     false            ·    ·
values  ·              ·                (r)  ·
·       size           1 column, 1 row  ·    ·
·       row 0, expr 0  3                ·    ·

query TTTTT
EXPLAIN (VERBOSE) SELECT true AS r
----
·       distributed    false            ·    ·
·       vectorized     false            ·    ·
values  ·              ·                (r)  ·
·       size           1 column, 1 row  ·    ·
·       row 0, expr 0  true             ·    ·

query TTTTT
EXPLAIN (VERBOSE) SELECT false AS r
----
·       distributed    false            ·    ·
·       vectorized     false            ·    ·
values  ·              ·                (r)  ·
·       size           1 column, 1 row  ·    ·
·       row 0, expr 0  false            ·    ·

query TTTTT
EXPLAIN (VERBOSE) SELECT (1, 2) AS r
----
·       distributed    false            ·    ·
·       vectorized     false            ·    ·
values  ·              ·                (r)  ·
·       size           1 column, 1 row  ·    ·
·       row 0, expr 0  (1, 2)           ·    ·

query TTTTT
EXPLAIN (VERBOSE) SELECT (true, false) AS r
----
·       distributed    false            ·    ·
·       vectorized     false            ·    ·
values  ·              ·                (r)  ·
·       size           1 column, 1 row  ·    ·
·       row 0, expr 0  (true, false)    ·    ·

query TTTTT
EXPLAIN (VERBOSE) SELECT 1 + 2 AS r FROM t
----
·          distributed  false      ·    ·
·          vectorized   false      ·    ·
render     ·            ·          (r)  ·
 └── scan  ·            ·          ()   ·
·          table        t@primary  ·    ·
·          spans        FULL SCAN  ·    ·

query TTTTT
EXPLAIN (VERBOSE) SELECT a + 2 AS r FROM t
----
·          distributed  false      ·    ·
·          vectorized   false      ·    ·
render     ·            ·          (r)  ·
 └── scan  ·            ·          (a)  ·
·          table        t@primary  ·    ·
·          spans        FULL SCAN  ·    ·

query TTTTT
EXPLAIN (VERBOSE) SELECT a >= 5 AND b <= 10 AND c < 4 AS r FROM t
----
·          distributed  false      ·          ·
·          vectorized   false      ·          ·
render     ·            ·          (r)        ·
 └── scan  ·            ·          (a, b, c)  ·
·          table        t@primary  ·          ·
·          spans        FULL SCAN  ·          ·

query TTTTT
EXPLAIN (VERBOSE) SELECT a >= 5 OR b <= 10 OR c < 4 AS r FROM t
----
·          distributed  false      ·          ·
·          vectorized   false      ·          ·
render     ·            ·          (r)        ·
 └── scan  ·            ·          (a, b, c)  ·
·          table        t@primary  ·          ·
·          spans        FULL SCAN  ·          ·

query TTTTT
EXPLAIN (VERBOSE) SELECT NOT (a = 5) AS r FROM t
----
·          distributed  false      ·    ·
·          vectorized   false      ·    ·
render     ·            ·          (r)  ·
 └── scan  ·            ·          (a)  ·
·          table        t@primary  ·    ·
·          spans        FULL SCAN  ·    ·

query TTTTT
EXPLAIN (VERBOSE) SELECT NOT (a > 5 AND b >= 10) AS r FROM t
----
·          distributed  false      ·       ·
·          vectorized   false      ·       ·
render     ·            ·          (r)     ·
 └── scan  ·            ·          (a, b)  ·
·          table        t@primary  ·       ·
·          spans        FULL SCAN  ·       ·

query TTTTT
EXPLAIN (VERBOSE) SELECT (a >= 5 AND b <= 10) OR (a <= 10 AND c > 5) AS r FROM t
----
·          distributed  false      ·          ·
·          vectorized   false      ·          ·
render     ·            ·          (r)        ·
 └── scan  ·            ·          (a, b, c)  ·
·          table        t@primary  ·          ·
·          spans        FULL SCAN  ·          ·

query TTTTT
EXPLAIN (VERBOSE) SELECT NOT (a >= 5 OR b <= 10) AND NOT (c >= 10) AS r FROM t
----
·          distributed  false      ·          ·
·          vectorized   false      ·          ·
render     ·            ·          (r)        ·
 └── scan  ·            ·          (a, b, c)  ·
·          table        t@primary  ·          ·
·          spans        FULL SCAN  ·          ·

query TTTTT
EXPLAIN (VERBOSE) SELECT (a, b) = (1, 2)  AS r FROM t
----
·          distributed  false      ·       ·
·          vectorized   false      ·       ·
render     ·            ·          (r)     ·
 └── scan  ·            ·          (a, b)  ·
·          table        t@primary  ·       ·
·          spans        FULL SCAN  ·       ·

query TTTTT
EXPLAIN (VERBOSE) SELECT a IN (1, 2) AS r FROM t
----
·          distributed  false      ·    ·
·          vectorized   false      ·    ·
render     ·            ·          (r)  ·
 └── scan  ·            ·          (a)  ·
·          table        t@primary  ·    ·
·          spans        FULL SCAN  ·    ·

query TTTTT
EXPLAIN (VERBOSE) SELECT (a, b) IN ((1, 2), (3, 4)) AS r FROM t
----
·          distributed  false      ·       ·
·          vectorized   false      ·       ·
render     ·            ·          (r)     ·
 └── scan  ·            ·          (a, b)  ·
·          table        t@primary  ·       ·
·          spans        FULL SCAN  ·       ·

query TTTTT
EXPLAIN (VERBOSE) SELECT (a, b + c, 5 + d * 2) = (b+c, 8, a - c)  AS r FROM t
----
·          distributed  false      ·             ·
·          vectorized   false      ·             ·
render     ·            ·          (r)           ·
 └── scan  ·            ·          (a, b, c, d)  ·
·          table        t@primary  ·             ·
·          spans        FULL SCAN  ·             ·

query TTTTT
EXPLAIN (VERBOSE) SELECT ((a, b), (c, d)) = ((1, 2), (3, 4))  AS r FROM t
----
·          distributed  false      ·             ·
·          vectorized   false      ·             ·
render     ·            ·          (r)           ·
 └── scan  ·            ·          (a, b, c, d)  ·
·          table        t@primary  ·             ·
·          spans        FULL SCAN  ·             ·

query TTTTT
EXPLAIN (VERBOSE) SELECT (a, (b, 'a'), (c, 'b', 5)) = (9, (a+c, s), (5, s, a)) AS r FROM t
----
·          distributed  false      ·             ·
·          vectorized   false      ·             ·
render     ·            ·          (r)           ·
 └── scan  ·            ·          (a, b, c, s)  ·
·          table        t@primary  ·             ·
·          spans        FULL SCAN  ·             ·

query TTTTT
EXPLAIN (VERBOSE) SELECT a IS NULL AS r FROM t
----
·          distributed  false      ·    ·
·          vectorized   false      ·    ·
render     ·            ·          (r)  ·
 └── scan  ·            ·          (a)  ·
·          table        t@primary  ·    ·
·          spans        FULL SCAN  ·    ·

query TTTTT
EXPLAIN (VERBOSE) SELECT a IS NOT DISTINCT FROM NULL AS r FROM t
----
·          distributed  false      ·    ·
·          vectorized   false      ·    ·
render     ·            ·          (r)  ·
 └── scan  ·            ·          (a)  ·
·          table        t@primary  ·    ·
·          spans        FULL SCAN  ·    ·

query TTTTT
EXPLAIN (VERBOSE) SELECT a IS NOT DISTINCT FROM b AS r FROM t
----
·          distributed  false      ·       ·
·          vectorized   false      ·       ·
render     ·            ·          (r)     ·
 └── scan  ·            ·          (a, b)  ·
·          table        t@primary  ·       ·
·          spans        FULL SCAN  ·       ·

query TTTTT
EXPLAIN (VERBOSE) SELECT a IS NOT NULL AS r FROM t
----
·          distributed  false      ·    ·
·          vectorized   false      ·    ·
render     ·            ·          (r)  ·
 └── scan  ·            ·          (a)  ·
·          table        t@primary  ·    ·
·          spans        FULL SCAN  ·    ·

query TTTTT
EXPLAIN (VERBOSE) SELECT a IS DISTINCT FROM NULL AS r FROM t
----
·          distributed  false      ·    ·
·          vectorized   false      ·    ·
render     ·            ·          (r)  ·
 └── scan  ·            ·          (a)  ·
·          table        t@primary  ·    ·
·          spans        FULL SCAN  ·    ·

query TTTTT
EXPLAIN (VERBOSE) SELECT a IS DISTINCT FROM b AS r FROM t
----
·          distributed  false      ·       ·
·          vectorized   false      ·       ·
render     ·            ·          (r)     ·
 └── scan  ·            ·          (a, b)  ·
·          table        t@primary  ·       ·
·          spans        FULL SCAN  ·       ·

query TTTTT
EXPLAIN (VERBOSE) SELECT +a + (-b) AS r FROM t
----
·          distributed  false      ·       ·
·          vectorized   false      ·       ·
render     ·            ·          (r)     ·
 └── scan  ·            ·          (a, b)  ·
·          table        t@primary  ·       ·
·          spans        FULL SCAN  ·       ·

query TTTTT
EXPLAIN (VERBOSE) SELECT CASE a WHEN 1 THEN 2 WHEN 2 THEN 3 ELSE 4 END AS r FROM t
----
·          distributed  false      ·    ·
·          vectorized   false      ·    ·
render     ·            ·          (r)  ·
 └── scan  ·            ·          (a)  ·
·          table        t@primary  ·    ·
·          spans        FULL SCAN  ·    ·

query TTTTT
EXPLAIN (VERBOSE) SELECT CASE WHEN a = 2 THEN 1 ELSE 2 END AS r FROM t
----
·          distributed  false      ·    ·
·          vectorized   false      ·    ·
render     ·            ·          (r)  ·
 └── scan  ·            ·          (a)  ·
·          table        t@primary  ·    ·
·          spans        FULL SCAN  ·    ·

query TTTTT
EXPLAIN (VERBOSE) SELECT CASE a + 3 WHEN 5 * b THEN 1 % b WHEN 6 THEN 2 ELSE -1 END AS r FROM t
----
·          distributed  false      ·       ·
·          vectorized   false      ·       ·
render     ·            ·          (r)     ·
 └── scan  ·            ·          (a, b)  ·
·          table        t@primary  ·       ·
·          spans        FULL SCAN  ·       ·

# Tests for CASE with no ELSE statement
query TTTTT
EXPLAIN (VERBOSE) SELECT CASE WHEN a = 2 THEN 1 END AS r FROM t
----
·          distributed  false      ·    ·
·          vectorized   false      ·    ·
render     ·            ·          (r)  ·
 └── scan  ·            ·          (a)  ·
·          table        t@primary  ·    ·
·          spans        FULL SCAN  ·    ·

query TTTTT
EXPLAIN (VERBOSE) SELECT CASE a WHEN 2 THEN 1 END AS r FROM t
----
·          distributed  false      ·    ·
·          vectorized   false      ·    ·
render     ·            ·          (r)  ·
 └── scan  ·            ·          (a)  ·
·          table        t@primary  ·    ·
·          spans        FULL SCAN  ·    ·

# TODO(radu): IS OF not supported yet.
#query TTTTT
#EXPLAIN (VERBOSE) SELECT a FROM t WHERE a IS OF (INT)
#----
#filter     ·       ·                (a)  ·
# │         filter  t.a IS OF (INT)  ·    ·
# └── scan  ·       ·                (a)  ·
#·          table   t@primary        ·    ·
#·          spans   ALL              ·    ·

query TTTTT
EXPLAIN (VERBOSE) SELECT length(s) FROM t
----
·          distributed  false      ·         ·
·          vectorized   false      ·         ·
render     ·            ·          (length)  ·
 └── scan  ·            ·          (s)       ·
·          table        t@primary  ·         ·
·          spans        FULL SCAN  ·         ·

query TTTTT
EXPLAIN (VERBOSE) SELECT j @> '{"a": 1}' AS r FROM t
----
·          distributed  false      ·    ·
·          vectorized   false      ·    ·
render     ·            ·          (r)  ·
 └── scan  ·            ·          (j)  ·
·          table        t@primary  ·    ·
·          spans        FULL SCAN  ·    ·

query TTTTT
EXPLAIN (VERBOSE) SELECT '{"a": 1}' <@ j AS r FROM t
----
·          distributed  false      ·    ·
·          vectorized   false      ·    ·
render     ·            ·          (r)  ·
 └── scan  ·            ·          (j)  ·
·          table        t@primary  ·    ·
·          spans        FULL SCAN  ·    ·

query TTTTT
EXPLAIN (VERBOSE) SELECT j->>'a' AS r FROM t
----
·          distributed  false      ·    ·
·          vectorized   false      ·    ·
render     ·            ·          (r)  ·
 └── scan  ·            ·          (j)  ·
·          table        t@primary  ·    ·
·          spans        FULL SCAN  ·    ·

query TTTTT
EXPLAIN (VERBOSE) SELECT j->'a' AS r FROM t
----
·          distributed  false      ·    ·
·          vectorized   false      ·    ·
render     ·            ·          (r)  ·
 └── scan  ·            ·          (j)  ·
·          table        t@primary  ·    ·
·          spans        FULL SCAN  ·    ·

query TTTTT
EXPLAIN (VERBOSE) SELECT j ? 'a' AS r FROM t
----
·          distributed  false      ·    ·
·          vectorized   false      ·    ·
render     ·            ·          (r)  ·
 └── scan  ·            ·          (j)  ·
·          table        t@primary  ·    ·
·          spans        FULL SCAN  ·    ·

query TTTTT
EXPLAIN (VERBOSE) SELECT j ?| ARRAY['a', 'b', 'c'] AS r FROM t
----
·          distributed  false      ·    ·
·          vectorized   false      ·    ·
render     ·            ·          (r)  ·
 └── scan  ·            ·          (j)  ·
·          table        t@primary  ·    ·
·          spans        FULL SCAN  ·    ·

query TTTTT
EXPLAIN (VERBOSE) SELECT j ?& ARRAY['a', 'b', 'c'] AS r FROM t
----
·          distributed  false      ·    ·
·          vectorized   false      ·    ·
render     ·            ·          (r)  ·
 └── scan  ·            ·          (j)  ·
·          table        t@primary  ·    ·
·          spans        FULL SCAN  ·    ·

query TTTTT
EXPLAIN (VERBOSE) SELECT j#>ARRAY['a'] AS r FROM t
----
·          distributed  false      ·    ·
·          vectorized   false      ·    ·
render     ·            ·          (r)  ·
 └── scan  ·            ·          (j)  ·
·          table        t@primary  ·    ·
·          spans        FULL SCAN  ·    ·

query TTTTT
EXPLAIN (VERBOSE) SELECT j#>>ARRAY['a'] AS r FROM t
----
·          distributed  false      ·    ·
·          vectorized   false      ·    ·
render     ·            ·          (r)  ·
 └── scan  ·            ·          (j)  ·
·          table        t@primary  ·    ·
·          spans        FULL SCAN  ·    ·


query TTTTT
EXPLAIN (VERBOSE) SELECT CAST(a AS string), b::float FROM t
----
·          distributed  false      ·       ·
·          vectorized   false      ·       ·
render     ·            ·          (a, b)  ·
 └── scan  ·            ·          (a, b)  ·
·          table        t@primary  ·       ·
·          spans        FULL SCAN  ·       ·

query TTTTT
EXPLAIN (VERBOSE) SELECT CAST(a + b + c AS string) FROM t
----
·          distributed  false      ·          ·
·          vectorized   false      ·          ·
render     ·            ·          (text)     ·
 └── scan  ·            ·          (a, b, c)  ·
·          table        t@primary  ·          ·
·          spans        FULL SCAN  ·          ·

query TTTTT
EXPLAIN (VERBOSE) SELECT s::VARCHAR(2) FROM t
----
·          distributed  false      ·    ·
·          vectorized   false      ·    ·
render     ·            ·          (s)  ·
 └── scan  ·            ·          (s)  ·
·          table        t@primary  ·    ·
·          spans        FULL SCAN  ·    ·

query TTTTT
EXPLAIN (VERBOSE) SELECT COALESCE(a, b) FROM (VALUES (1, 2), (3, NULL), (NULL, 4), (NULL, NULL)) AS v(a, b)
----
·            distributed    false               ·                   ·
·            vectorized     false               ·                   ·
render       ·              ·                   ("coalesce")        ·
 └── values  ·              ·                   (column1, column2)  ·
·            size           2 columns, 4 rows   ·                   ·
·            row 0, expr 0  1                   ·                   ·
·            row 0, expr 1  2                   ·                   ·
·            row 1, expr 0  3                   ·                   ·
·            row 1, expr 1  CAST(NULL AS INT8)  ·                   ·
·            row 2, expr 0  CAST(NULL AS INT8)  ·                   ·
·            row 2, expr 1  4                   ·                   ·
·            row 3, expr 0  CAST(NULL AS INT8)  ·                   ·
·            row 3, expr 1  CAST(NULL AS INT8)  ·                   ·

query TTTTT
EXPLAIN (VERBOSE) SELECT COALESCE(a, b, c) FROM (VALUES (1, 2, 3), (NULL, 4, 5), (NULL, NULL, 6), (NULL, NULL, NULL)) AS v(a, b, c)
----
·            distributed    false               ·                            ·
·            vectorized     false               ·                            ·
render       ·              ·                   ("coalesce")                 ·
 └── values  ·              ·                   (column1, column2, column3)  ·
·            size           3 columns, 4 rows   ·                            ·
·            row 0, expr 0  1                   ·                            ·
·            row 0, expr 1  2                   ·                            ·
·            row 0, expr 2  3                   ·                            ·
·            row 1, expr 0  CAST(NULL AS INT8)  ·                            ·
·            row 1, expr 1  4                   ·                            ·
·            row 1, expr 2  5                   ·                            ·
·            row 2, expr 0  CAST(NULL AS INT8)  ·                            ·
·            row 2, expr 1  CAST(NULL AS INT8)  ·                            ·
·            row 2, expr 2  6                   ·                            ·
·            row 3, expr 0  CAST(NULL AS INT8)  ·                            ·
·            row 3, expr 1  CAST(NULL AS INT8)  ·                            ·
·            row 3, expr 2  CAST(NULL AS INT8)  ·                            ·

query TTTTT
EXPLAIN (VERBOSE) SELECT a FROM t WHERE a BETWEEN b AND d
----
·          distributed  false                  ·          ·
·          vectorized   false                  ·          ·
render     ·            ·                      (a)        ·
 └── scan  ·            ·                      (a, b, d)  ·
·          table        t@primary              ·          ·
·          spans        FULL SCAN              ·          ·
·          filter       (a >= b) AND (a <= d)  ·          ·

query TTTTT
EXPLAIN (VERBOSE) SELECT a FROM t WHERE a NOT BETWEEN b AND d
----
·          distributed  false               ·          ·
·          vectorized   false               ·          ·
render     ·            ·                   (a)        ·
 └── scan  ·            ·                   (a, b, d)  ·
·          table        t@primary           ·          ·
·          spans        FULL SCAN           ·          ·
·          filter       (a < b) OR (a > d)  ·          ·

query TTTTT
EXPLAIN (VERBOSE) SELECT a BETWEEN SYMMETRIC b AND d AS r FROM t
----
·          distributed  false      ·          ·
·          vectorized   false      ·          ·
render     ·            ·          (r)        ·
 └── scan  ·            ·          (a, b, d)  ·
·          table        t@primary  ·          ·
·          spans        FULL SCAN  ·          ·

query TTTTT
EXPLAIN (VERBOSE) SELECT a NOT BETWEEN SYMMETRIC b AND d AS r FROM t
----
·          distributed  false      ·          ·
·          vectorized   false      ·          ·
render     ·            ·          (r)        ·
 └── scan  ·            ·          (a, b, d)  ·
·          table        t@primary  ·          ·
·          spans        FULL SCAN  ·          ·

query TTTTT
EXPLAIN (VERBOSE) SELECT ARRAY[]:::int[] FROM t
----
·          distributed  false      ·          ·
·          vectorized   false      ·          ·
render     ·            ·          ("array")  ·
 └── scan  ·            ·          ()         ·
·          table        t@primary  ·          ·
·          spans        FULL SCAN  ·          ·

query TTTTT
EXPLAIN (VERBOSE) SELECT ARRAY[1, 2, 3] FROM t
----
·          distributed  false      ·          ·
·          vectorized   false      ·          ·
render     ·            ·          ("array")  ·
 └── scan  ·            ·          ()         ·
·          table        t@primary  ·          ·
·          spans        FULL SCAN  ·          ·

query TTTTT
EXPLAIN (VERBOSE) SELECT ARRAY[a + 1, 2, 3] FROM t
----
·          distributed  false      ·          ·
·          vectorized   false      ·          ·
render     ·            ·          ("array")  ·
 └── scan  ·            ·          (a)        ·
·          table        t@primary  ·          ·
·          spans        FULL SCAN  ·          ·

query TTTTT
EXPLAIN (VERBOSE) SELECT 1 > ANY ARRAY[a + 1, 2, 3] FROM t
----
·          distributed  false      ·             ·
·          vectorized   false      ·             ·
render     ·            ·          ("?column?")  ·
 └── scan  ·            ·          (a)           ·
·          table        t@primary  ·             ·
·          spans        FULL SCAN  ·             ·

query TTTTT
EXPLAIN (VERBOSE) SELECT 1 = ANY (1, 2, 3) FROM t
----
·          distributed  false      ·             ·
·          vectorized   false      ·             ·
render     ·            ·          ("?column?")  ·
 └── scan  ·            ·          ()            ·
·          table        t@primary  ·             ·
·          spans        FULL SCAN  ·             ·

query TTTTT
EXPLAIN (VERBOSE) SELECT 1 = ANY () FROM t
----
·          distributed  false      ·             ·
·          vectorized   false      ·             ·
render     ·            ·          ("?column?")  ·
 └── scan  ·            ·          ()            ·
·          table        t@primary  ·             ·
·          spans        FULL SCAN  ·             ·

query TTTTT
EXPLAIN (VERBOSE) SELECT least(NULL, greatest(NULL, least(1, NULL), 2, 3), greatest(5, 6), a) FROM t
----
·          distributed  false      ·          ·
·          vectorized   false      ·          ·
render     ·            ·          ("least")  ·
 └── scan  ·            ·          (a)        ·
·          table        t@primary  ·          ·
·          spans        FULL SCAN  ·          ·

query TTTTT
EXPLAIN (VERBOSE) SELECT * FROM pg_attribute WHERE attrelid='t'::regclass
----
·                   distributed  false         ·                                                                                                                                                                                                                                              ·
·                   vectorized   false         ·                                                                                                                                                                                                                                              ·
filter              ·            ·             (attrelid, attname, atttypid, attstattarget, attlen, attnum, attndims, attcacheoff, atttypmod, attbyval, attstorage, attalign, attnotnull, atthasdef, attisdropped, attislocal, attinhcount, attcollation, attacl, attoptions, attfdwoptions)  ·
 │                  filter       attrelid = t  ·                                                                                                                                                                                                                                              ·
 └── virtual table  ·            ·             (attrelid, attname, atttypid, attstattarget, attlen, attnum, attndims, attcacheoff, atttypmod, attbyval, attstorage, attalign, attnotnull, atthasdef, attisdropped, attislocal, attinhcount, attcollation, attacl, attoptions, attfdwoptions)  ·
·                   source       ·             ·                                                                                                                                                                                                                                              ·

query TTTTT
EXPLAIN (VERBOSE) SELECT CASE WHEN current_database() = 'test' THEN 42 ELSE 1/3 END
----
·       distributed    false            ·         ·
·       vectorized     false            ·         ·
values  ·              ·                ("case")  ·
·       size           1 column, 1 row  ·         ·
·       row 0, expr 0  42               ·         ·

# Don't fold the CASE since there is an error in the ELSE clause.
query TTTTT
EXPLAIN (VERBOSE) SELECT CASE WHEN current_database() = 'test' THEN 42 ELSE 4/2 END
----
·       distributed    false            ·         ·
·       vectorized     false            ·         ·
values  ·              ·                ("case")  ·
·       size           1 column, 1 row  ·         ·
·       row 0, expr 0  42               ·         ·

# Don't fold random() or now(), which are impure functions.
query TTTTT
EXPLAIN (VERBOSE) SELECT random(), current_database(), now()
----
·       distributed    false             ·                                ·
·       vectorized     false             ·                                ·
values  ·              ·                 (random, current_database, now)  ·
·       size           3 columns, 1 row  ·                                ·
·       row 0, expr 0  random()          ·                                ·
·       row 0, expr 1  'test'            ·                                ·
·       row 0, expr 2  now()             ·                                ·

# Don't fold non-constants.
query TTTTT
EXPLAIN (VERBOSE) SELECT 1::FLOAT + length(upper(concat('a', 'b', 'c')))::FLOAT AS r1,
                         1::FLOAT + length(upper(concat('a', 'b', s)))::FLOAT AS r2 FROM t
----
·          distributed  false      ·         ·
·          vectorized   false      ·         ·
render     ·            ·          (r1, r2)  ·
 └── scan  ·            ·          (s)       ·
·          table        t@primary  ·         ·
·          spans        FULL SCAN  ·         ·

query TTTTT
EXPLAIN (VERBOSE) SELECT ARRAY(SELECT generate_series(1,10) ORDER BY 1 DESC)
----
·                             distributed    false                                            ·                  ·
·                             vectorized     false                                            ·                  ·
root                          ·              ·                                                ("array")          ·
 ├── values                   ·              ·                                                ("array")          ·
 │                            size           1 column, 1 row                                  ·                  ·
 │                            row 0, expr 0  ARRAY @S1                                        ·                  ·
 └── subquery                 ·              ·                                                ·                  ·
      │                       id             @S1                                              ·                  ·
      │                       original sql   (SELECT generate_series(1, 10) ORDER BY 1 DESC)  ·                  ·
      │                       exec mode      all rows                                         ·                  ·
      └── sort                ·              ·                                                (generate_series)  -generate_series
           │                  order          -generate_series                                 ·                  ·
           └── project set    ·              ·                                                (generate_series)  ·
                │             render 0       generate_series(1, 10)                           ·                  ·
                └── emptyrow  ·              ·                                                ()                 ·

query TTTTT
EXPLAIN (VERBOSE) SELECT ARRAY(SELECT a FROM t ORDER BY b)
----
·                         distributed    false                         ·          ·
·                         vectorized     false                         ·          ·
root                      ·              ·                             ("array")  ·
 ├── values               ·              ·                             ("array")  ·
 │                        size           1 column, 1 row               ·          ·
 │                        row 0, expr 0  ARRAY @S1                     ·          ·
 └── subquery             ·              ·                             ·          ·
      │                   id             @S1                           ·          ·
      │                   original sql   (SELECT a FROM t ORDER BY b)  ·          ·
      │                   exec mode      all rows                      ·          ·
      └── render          ·              ·                             (a)        ·
           └── sort       ·              ·                             (a, b)     +b
                │         order          +b                            ·          ·
                └── scan  ·              ·                             (a, b)     ·
·                         table          t@primary                     ·          ·
·                         spans          FULL SCAN                     ·          ·

# Regression test for #47327. The span should have an end value of -1.
statement ok
CREATE TABLE t0(c0 DECIMAL UNIQUE); INSERT INTO t0(c0) VALUES(0);

query TTTTT
EXPLAIN (VERBOSE) SELECT t0.c0 FROM t0 WHERE t0.c0 BETWEEN t0.c0 AND INTERVAL '-1'::DECIMAL
----
·     distributed  false                 ·     ·
·     vectorized   false                 ·     ·
scan  ·            ·                     (c0)  ·
·     table        t0@t0_c0_key          ·     ·
·     spans        /!NULL-/-1/PrefixEnd  ·     ·
·     filter       c0 >= c0              ·     ·
